Name,Views,Likes,Popularity
$UICIDEBOY$,5103023.568047337,59011.0,4232.248520710059
- S E C K O M -,70355.2,2517.0,135.0
12th Planet,182926.7659574468,6667.191489361702,1350.9148936170213
16yrold,13116721.666666666,195764.0,8246.166666666666
1788-L,236406.58333333334,10576.333333333334,2131.5
1TakeJay,871531.0,20394.0,578.3333333333334
21 Savage,5764142.096774193,81635.5,4476.193548387097
21plohoi,336383.75,7064.75,140.25
3,35295.4,259.8666666666667,103.06666666666666
4i20,368034.1818181818,10242.772727272728,1346.3181818181818
5Mb-Studio,28050.421296296296,600.6064814814815,18.25
6 dogs,3482893.5625,47099.5625,3256.3125
6IX9INE,27945865.684210528,360321.05263157893,12554.105263157895
6LACK,3758851.5,61199.433333333334,5467.1
8D AUDIO,230879.73529411765,5395.441176470588,126.91176470588235
@himsy,13720.85,103.65,5.5
@marcusbasquiat,379313.0,10300.0,890.0
@officialysm,39663.0,3774.4,85.2
A BOOGIE WIT DA HOODIE,10733942.525641026,141475.44871794872,6113.448717948718
A'SOUNG,10761.5,506.4,204.3
A.K,2771.2,3.1714285714285713,0.6571428571428571
AC Slater,57244.882352941175,1866.5294117647059,390.2450980392157
AERO CHORD,650970.0975609756,13089.268292682927,2220.390243902439
ALLMusic,811471.6666666666,12574.0,363.0
AMIDY,48125.0,1970.4285714285713,955.5714285714286
AMTRAC,133154.2048192771,2541.3614457831327,584.9759036144578
ANUEL AA ‚úÖ,2896257.4,37813.63333333333,932.1333333333333
APASHE,314441.2,6895.48,1313.0
ARCANDO,122563.44444444444,3575.4444444444443,965.4444444444445
ARKA RECORDS,61519.3,1063.0,62.2
ATLiens,110194.78947368421,4843.763157894737,859.7631578947369
AViVA,99656.7,1925.5,125.6
AYLEK$,1011802.5,19350.0,1197.5
Aash Mehta,231977.70967741936,3937.1935483870966,426.06451612903226
Ace Aura,7377.184210526316,436.6842105263158,107.57894736842105
Acid Pauli,179789.8,6471.866666666667,1062.9333333333334
Adam Amin,1535267.0,58149.9,918.3
Add Kim,1804.9545454545455,43.13636363636363,0.5909090909090909
Adham Seliman,5056682.347826087,164986.95652173914,5445.391304347826
Adictos A Los Corridos‚úÖ,2665.8422330097087,51.59466019417476,1.6286407766990292
Adriatique-Cercle,24023.0,2991.0,410.0
Adventure Club,2403780.5102040814,35192.93877551021,6839.734693877551
Aeden,12562.285714285714,522.0,102.14285714285714
Afrojack,840746.6826923077,13696.509615384615,2496.798076923077
Afterlife,69159.875,2757.0096153846152,459.9423076923077
Agus Priyambodo,127710.9696969697,2004.6969696969697,39.78787878787879
Ahmed Emad,7611.375,361.4375,8.8125
AhmedtheArab,289394.0,703.3636363636364,285.1818181818182
Aiobahn,215595.0,5382.166666666667,600.3333333333334
Akari,56291.38461538462,2443.4615384615386,554.0
Alejandro Michelena,608.4,11.6,0.2
Alex Grey,113317.0,214.0,0.0
Alfredo Carpineti,40304.42105263158,12.368421052631579,0.7894736842105263
Alicks,105784.7,1817.55,191.0
AminAshkan,280752.85714285716,6000.0,240.85714285714286
Amin√©,3480078.6923076925,53066.692307692305,4268.692307692308
Amplify Music Section,2025.1666666666667,33.595238095238095,0.9761904761904762
Anderex,30905.0,1540.8181818181818,440.45454545454544
Andrew Barth Feldman,4887.0,155.0,5.0
Andy Wells 1,169418.51219512196,1899.8536585365853,127.36585365853658
Angel,25183.398305084746,496.5593220338983,74.48305084745763
Angga Kecap,1593.0,42.0,2.0
Anjunadeep,37091.85775862069,1337.6293103448277,258.0818965517241
Ansel Elgort,1306026.5,27175.0,3134.0
AnthonyPham,768.0,39.0,4.0
Anuel AA ‚úÖ,1418028.3157894737,20484.973684210527,415.94736842105266
Anuel_AA,4895151.642857143,63898.32142857143,2042.25
Ar'mon And Trey,2196948.9375,39539.6875,1252.875
Arman Cekin Remixes,7621948.5,115150.0,13203.0
Armin van Buuren,158013.1693877551,3346.918367346939,564.665306122449
Art of Dance,19958.126506024095,603.855421686747,100.93975903614458
Ashur,42384.11111111111,1570.0,429.55555555555554
Atif Aslam ‚ú™,118643.77777777778,5306.666666666667,161.11111111111111
Atlantic Records,162877.69,2364.8133333333335,190.69
Atmozfears,79107.0294117647,1703.264705882353,293.47058823529414
Audien,442229.51923076925,8357.0,1750.923076923077
Aux London,1606991.2352941176,32402.29411764706,6635.705882352941
Avi8,25857.24,573.36,115.04
Aviwkila,332547.0740740741,5150.333333333333,141.33333333333334
B'Small DJ,12946.333333333334,1025.75,798.5
BAINBRIDGE,25098.285714285714,1266.2857142857142,404.2857142857143
BASS FAM,4378.125,235.5,86.5
BAZZI,1864520.5882352942,31747.0,1516.4705882352941
BEAUZ,87669.57142857143,1966.0714285714287,392.42857142857144
BIG BANK CAMPAIGN,699214.9761904762,9824.52380952381,279.64285714285717
BLEEP BLOOP,98949.48837209302,4098.023255813953,817.8604651162791
BOILER ROOM,5279.391304347826,262.95652173913044,39.88405797101449
BORN DIRTY,40625.545454545456,1556.2727272727273,252.27272727272728
BTS,6435217.844155844,151607.98701298703,13347.662337662337
BVRNOUT,635817.2857142857,10634.214285714286,678.8571428571429
Baaku,160040.4,5086.2,811.0
BachataRomantic,558253.6521739131,4893.565217391304,164.47826086956522
Back Talk,481458.0,6601.714285714285,200.14285714285714
Bad Bunny ‚Äì X100Pre (√Ålbum),727128.3888888889,10259.944444444445,246.91666666666666
Bad Wolves,323921.73333333334,4447.8,165.13333333333333
BakadiMusic,74147.76315789473,1070.3157894736842,55.5
Banda Sinaloense MS de Sergio Lizarraga,62212.520833333336,666.9236111111111,12.229166666666666
Barong Family,126097.7207977208,3453.5441595441594,564.0455840455841
Bass Santana,180528.68421052632,4702.473684210527,531.6315789473684
Bazealous,11079.2,418.6,18.8
Bean Xinh ‚ùÇ,50603.0,2132.5,136.0
Beast Inside Beats - Type Trap/Rap Instrumentals,114616.4104477612,1642.6492537313434,66.61940298507463
Beats In Space,3181.151832460733,61.968586387434556,8.44328097731239
Ben Gaughan,219185.11111111112,4314.111111111111,116.11111111111111
Besomorph,51632.769230769234,1362.7692307692307,270.9230769230769
Bhad Bhabie,3079996.1481481483,53532.555555555555,1917.3333333333333
Big Beat Records,142524.62252964426,2523.6679841897235,377.80434782608694
Big Wild,323961.6346153846,7239.057692307692,1393.4423076923076
BigHit OFFICIAL,63657.47619047619,2748.3809523809523,122.23809523809524
Billie Eilish,4517351.565217392,80293.95652173914,3809.5652173913045
Black Tiger Sex Machine,114421.13157894737,3428.0,707.5394736842105
Blame Connor,1084.6,33.2,10.6
Blue Face,631518.2,12754.8,281.8
Bold Vibrations,365212.5,456.5,230.16666666666666
Break & Enter Society,66570.9696969697,2252.090909090909,639.0
BrennanHeart,186816.92156862744,3675.4803921568628,558.7352941176471
Bruno Torres Remixes,563036.0,6089.6,634.8
Bryant Myers & Miky Woodz - Cambio De Clima Album,773548.9629629629,10993.62962962963,261.0740740740741
Bull In A China Shop,4731957.5,95547.0,5765.5
B·∫£o Hu·ª≥nh,14564.0,933.0,47.0
CALCIUM,42954.153846153844,2687.923076923077,505.15384615384613
CCAUL,37815.8,1912.4,63.2
CHOQUE URBANO,268609.78571428574,4904.976190476191,81.07142857142857
CHURAYrec,9129.142857142857,87.28571428571429,9.428571428571429
CKTLS & DRMS,11552.0,355.6666666666667,28.333333333333332
CLUBLIFE,22799.841379310346,558.7724137931034,77.08275862068966
CODEKO,193547.88888888888,5393.222222222223,914.6666666666666
CODEKO [CLASSIFIED],150395.5,6227.0,1249.0
COLOVE Products,863.6428571428571,190.28571428571428,3.75
COMETHAZINE,2959775.2666666666,51661.7,2265.366666666667
CONRANK,18785.283950617282,849.5432098765432,167.93827160493828
COVEX,23822.882352941175,697.7647058823529,136.41176470588235
CRVKS,19591.333333333332,521.25,152.66666666666666
CRYJAXX Too üåê,368051.5,8945.5,897.1666666666666
CVRTOON,21073.238095238095,226.26190476190476,13.928571428571429
Calboy,570277.9166666666,8494.666666666666,203.16666666666666
Calvin Harris,1185784.6153846155,16493.71153846154,3124.0705128205127
Cam Gia Huy,20324.48,163.76,12.16
Captain Cuts,118096.1875,2206.875,417.9375
Captain Hook,129340.07575757576,3863.878787878788,652.6060606060606
Cardi B,5646228.282051282,90621.71794871795,3180.4615384615386
Cat Dealers,342212.3611111111,8757.805555555555,1519.4444444444443
Champagne Drip,62687.95652173913,2230.195652173913,426.67391304347825
Chandhika Batubara,15498.733333333334,499.73333333333335,12.333333333333334
Charlie Puth,2602227.34,35316.1,2583.74
CheesedFries,2585.0,108.0,3.0
Chet Porter,346379.44444444444,8935.666666666666,2178.222222222222
Chime,77927.85106382979,2652.7872340425533,634.5531914893617
Chris Aring,810.3333333333334,118.0,0.0
ChrisTravis,825118.3111111111,12841.986666666666,1621.2044444444443
Chuoi T√¢y ‚ú™,143443.47727272726,5982.545454545455,3252.7954545454545
Chu·ªôt ƒêow,18082.083333333332,1528.25,1046.6666666666667
Cigarettes After Sex,1657771.6363636365,34810.0,4087.909090909091
Circus Records Official,72990.34782608696,3799.695652173913,638.8695652173913
Cirdec,7545.5,399.0,6.5
City Girls,599310.75,14588.25,244.25
Clean Bandit,781128.0,12396.54128440367,1632.9724770642201
ClickOnDetroit,2180.25,1.3333333333333333,0.0
CloZee,104030.27142857143,2611.1428571428573,502.65714285714284
Clockartz,11159.1,375.05,60.55
Complexion,32437.059210526317,1117.7302631578948,271.99342105263156
Connor‚ôõ,11149.038461538461,218.3846153846154,24.615384615384617
Convex,81372.07692307692,3101.6923076923076,753.9230769230769
Coone,65192.03296703297,1452.7362637362637,276.510989010989
Corey Nyell,44482.18571428571,486.3,14.3
Corridos Delux,132821.50251256282,1415.035175879397,24.33668341708543
CorridosCulichi,73501.65909090909,712.7045454545455,11.659090909090908
Crankdat,4490565.285714285,70710.5,9270.07142857143
Craz-E Fools,19067.25,256.25,17.75
Crisis Era,21935.469387755104,682.8979591836735,107.83673469387755
Croft,311406.8888888889,4979.444444444444,137.94444444444446
Cryogenic-official,17222.529411764706,775.2941176470588,129.11764705882354
Cubicolor,55119.75,1323.3125,294.125
C≈çfresi,72007.375,1651.9375,345.5
C·ªëp C·ªëp,739878.0,8725.0,737.0
D Phoenix 3900,2799246.5714285714,42778.57142857143,3226.6428571428573
D3V,19391.88888888889,769.6666666666666,165.44444444444446
DAVE EAST,615263.5471698113,10690.16037735849,780.1698113207547
DBSTF,99539.56923076924,2038.9538461538461,412.44615384615383
DEFŒõLT,6720.0,18.0,2.0
DHA AM (Deep House London),25386.36405529954,892.6666666666666,175.6758832565284
DILLONFRANCIS,1281933.633986928,24211.67320261438,4222.130718954249
DISKORDuk,196742.91176470587,5397.117647058823,1093.0294117647059
DISTO,385557.25,8891.125,1490.0
DIVINE ‚ú®,108894.4375,3310.375,708.4375
DJ ALEXIS TUME ‚òë,4973.257142857143,174.4857142857143,27.4
DJ ANDERSON DO PARA√çSO,158476.06603773584,4345.7830188679245,357.54716981132077
DJ ARTHUZIIN,28815.666666666668,1006.8817204301075,112.96774193548387
DJ BERTOLOSSI DO MARTINS,24291.145569620254,760.8987341772151,78.75316455696202
DJ Blyatman,98569.85714285714,1792.5428571428572,95.37142857142857
DJ B∆∞·ªõg's,8914.392857142857,905.8928571428571,724.7857142857143
DJ CABEL√ÉO DO TURANO (BAILE DA AUSTR√ÅLIA) ¬Æ,62774.55670103093,1990.8247422680413,129.60824742268042
DJ CAIO DO JURAMENTO,36292.916666666664,1105.4375,57.729166666666664
DJ CHITO X3,22097.0,685.0,30.0
DJ DENILSON DO CHAPAD√ÉO üá™üá¨,166880.11538461538,5470.5,296.65384615384613
DJ D≈©ng Pham,2339.375,289.4166666666667,229.45833333333334
DJ ENJOY Official ‚ú™,20123.09756097561,358.219512195122,128.17073170731706
DJ GABRIEL DO BOREL,359392.3023255814,10740.302325581395,413.6046511627907
DJ GUI MARQUES,260765.16091954024,6989.735632183908,384.64367816091954
DJ GUSTAVO MIX ¬Æ,27481.3,863.2,64.7
DJ Henrique de Ferraz,254369.94827586206,5400.810344827586,156.8793103448276
DJ Isaac,59612.59259259259,1459.861111111111,311.2037037037037
DJ Jes√∫s S√°nchez,4358.25,97.4375,7.125
DJ Kushagra,9824.0,208.1153846153846,5.576923076923077
DJ MAGO FLOW - La Familia DJs Radio,2162.8699690402477,61.526315789473685,29.191950464396285
DJ Martinez Houston,37599.583333333336,618.1666666666666,59.5
DJ MeccaNB (PCV),6952.428571428572,185.71428571428572,15.142857142857142
DJ Mix,90921.0,2654.3333333333335,82.66666666666667
DJ PADDA,24854.8,371.6,26.2
DJ PENOSO DA CDM üá®üáÆ,26736.0,874.3333333333334,98.66666666666667
DJ PH DA SERRA,248709.84905660377,7039.905660377359,385.50943396226415
DJ Phong Melody,2076.9285714285716,242.0,189.0
DJ R7,97192.40553745929,1602.470684039088,96.38925081433224
DJ RYCKO RIA [ account active ],38333.67346938775,756.0204081632653,110.14285714285714
DJ RayMambo,6293.489361702128,110.37446808510639,9.008510638297873
DJ SAMMER,92691.4,2952.7,204.5
DJ SNAKE,1797399.6276595744,28821.31914893617,3971.978723404255
DJ T Marq 201,40610.32653061225,851.5918367346939,107.40816326530613
DJ TX Producer ‚ú™,21740.708333333332,1567.6666666666667,1180.9583333333333
DJ TiDi,21065.45045045045,1879.3243243243244,1331.8468468468468
DJ TiL√¥,77388.893129771,1760.0381679389313,351.46564885496184
DJ VIANA,105680.34615384616,2937.769230769231,251.19230769230768
DJ VINICIN DO CONC√ìRDIA,121701.33333333333,3413.9,258.8666666666667
DJ VITIEUBAO,31229.5,1146.0,70.5
DJ VITIN DO PC OFICIAL - Clique em Seguir,117465.06862745098,3707.656862745098,245.81372549019608
DJ Vu Kem,56623.25,2533.625,1532.0
DJ WJ DA INESTAN | TROPA DO GORD√ÉO,32094.236842105263,1006.6842105263158,106.39473684210526
DJ XICLAUDIO üáÆüá∂,16750.947368421053,513.6315789473684,54.63157894736842
DJCRivera,1998866.5,30943.5,1962.3333333333333
DJCantik.com,233307.83333333334,3402.0,133.33333333333334
DJMorenoAPP,5638.494071146245,97.97628458498023,6.438735177865612
DOJO!,0.0,0.0,0.0
DON Q,391992.8,6492.3,333.56
DUCTRIEU,2257.0,88.0,14.0
DXY,10357.93023255814,223.3953488372093,40.906976744186046
Dan Farber,285536.92307692306,7251.538461538462,1587.7692307692307
Daniella Cerda,7353.0,206.0,2.0
Danny Delgado,1604893.2857142857,28459.571428571428,688.5714285714286
Darell,288766.23529411765,4616.588235294118,55.1764705882353
David Guetta,927532.1136363636,10257.185606060606,1324.7727272727273
DavidJacomeTCP.,5149.153846153846,158.78205128205127,37.38461538461539
Deadbeats,77694.58227848102,3246.3417721518986,593.3037974683544
Deathpact,87386.11111111111,2481.4444444444443,395.6666666666667
Decembria Piccolo,2373.5,18.8125,2.0
Declan Devine ‚ú™,39360.142857142855,733.5714285714286,63.42857142857143
DeeJay Gonzalo,707.0629370629371,7.541958041958042,0.26573426573426573
DeejayEcko(PNCS),58526.25,865.1428571428571,45.07142857142857
DeejayNp LTP,30221.464454976303,407.0568720379147,26.630331753554504
Deep Root Records,85729.42857142857,2262.5238095238096,540.4761904761905
Deep Sounds,100744.45205479451,2695.310502283105,571.5981735159818
Deezay Phong House's,9256.666666666666,1076.3333333333333,888.375
Deltarune OST,74254.02631578948,989.6842105263158,26.31578947368421
DestoDubb,47177.11538461538,1274.4358974358975,108.05128205128206
Detrace,57551.416666666664,2782.3333333333335,813.3333333333334
Dharma Worldwide,264247.5945945946,7281.135135135135,1000.8918918918919
DholiHardo,48858.333333333336,594.3333333333334,105.83333333333333
Digital Records,508592.9090909091,7297.0,219.1818181818182
Diki Wahyudi,300498.5,8742.5,136.5
Dilettant,470.72857142857146,5.0285714285714285,0.014285714285714285
Dim Mak Records,143039.6943089431,3454.560975609756,826.2211382113821
Diplo,1321731.2955465587,22597.57894736842,3600.838056680162
Dirty Workz,16919.513005780347,444.34104046242777,88.17052023121387
Disciple Round Table,63499.22522522522,3862.6846846846847,715.0900900900901
Disciple ‚ôõ ‚ôú ‚ôû,84771.49789029536,3583.89029535865,722.8037974683544
Divana,28702.80487804878,384.5609756097561,38.36585365853659
Dj Aladdin,14068.125,285.5416666666667,45.083333333333336
Dj Carnage,3336257.5733333332,56614.50666666667,7926.2266666666665
Dj IsI,756448.90625,12675.21875,481.90625
Dj Kantik,83818.33333333333,2335.9198312236285,115.19831223628692
Dj Nev Remixes & Edits 2.0,36336.04,1271.36,742.52
Dj Sunny 510,92134.25,904.75,142.75
Dj Thera,5342.77037037037,157.26666666666668,37.62222222222222
Dj Zubair Dubai,8644.0,141.85714285714286,5.714285714285714
Dj j king (PNCS),40600.666666666664,648.3333333333334,43.42857142857143
DjOverflow,14485.68085106383,15.425531914893616,2.723404255319149
DjRene Reyes,626661.875,3661.75,260.9375
DjTennis,61352.148148148146,2028.1851851851852,368.74074074074076
Doctor_P,205140.60975609755,6032.804878048781,1431.2926829268292
DogeTheDog,39845.0,538.6,12.6
Doghouse Radio,53970.53333333333,2694.2,381.8
Doktor Froid,429734.35,11000.15,1163.7
Dom Mariachi,1601.2307692307693,52.38461538461539,11.153846153846153
Donia Anis,138080.67567567568,3978.7567567567567,548.027027027027
Dounia,55910.807692307695,1265.5384615384614,165.30769230769232
Dracovii,249112.25,4369.25,212.25
Drop Central üíß,21993.06,1058.4733333333334,316.03333333333336
Drop It Network,113796.728,4054.72,1202.384
Dulsae,84898.625,1636.5,322.125
Dutch Revz,710851.3333333334,12411.333333333334,597.3333333333334
DyAze,1566208.0,17881.7,509.06666666666666
D∆∞∆°ng ƒê·ª©c C∆∞∆°ng ‚ú™ 0868425758,13394.96,1078.48,788.72
EA TRAP,125507.11363636363,2048.681818181818,50.22727272727273
EATBRAIN,31147.12585812357,1234.0183066361556,194.25858123569793
ECHOS,308060.275862069,5941.896551724138,1015.5862068965517
EDM Vietnam ‚úÖ,80283.37931034483,1096.9655172413793,172.13793103448276
EDM.com,556041.8416666667,12024.391666666666,2582.95
EKALI,852479.7142857143,26112.628571428573,5327.114285714286
EL MO3,5766.666666666667,159.33333333333334,73.0
ELEX,5213.0,234.46666666666667,71.26666666666667
EMOtional xan,54240.86956521739,1091.9130434782608,84.6086956521739
EPHWURD,256753.14814814815,7836.111111111111,1490.2037037037037
Eastern Odyssey,38891.818181818184,1257.090909090909,131.8181818181818
Edo Irawan,30794.666666666668,574.6666666666666,10.0
Egzod,59035.444444444445,1568.0,324.55555555555554
El Compa Chilo Oficial üé∂üé∂,22473.071428571428,360.5,16.142857142857142
El Zorillio Tribalerio *Dj Zorra Mix*,532977.625,5065.0,745.0
ElDeLaDelta,55988.89417989418,581.968253968254,12.105820105820106
Ele A El Dominio,106860.03225806452,2109.6451612903224,34.54838709677419
Electric Mantis,559685.1,15115.2,2940.95
Elektronomia,217623.23529411765,3266.294117647059,246.97058823529412
Elephante,477855.48,9123.4,1718.0
Eli Sostre,395386.1,7731.6,1258.5
Ella Mai,2222900.290322581,39694.032258064515,1969.774193548387
Enschway,228709.0,6897.058823529412,1360.8823529411766
Ensis Records,10703.411042944785,346.91002044989773,123.50920245398773
Eric Bellinger,440008.02285714285,6909.777142857143,676.7828571428571
EscapadeClubs,106994.20833333333,1594.0,128.625
Escape Radio,403.55555555555554,26.77777777777778,5.222222222222222
Estilo Sucio,100285.83870967742,946.516129032258,14.96774193548387
Everything Gorillaz - P2,796237.625,11087.0625,497.4375
FACE,190855.04545454544,4030.6363636363635,75.0909090909091
FACT,11433.214801444043,340.55595667870034,49.985559566787
FESTIVAL TRAP,12154.971698113208,634.0283018867924,191.38679245283018
FLEXSTAR,97431.625,2682.0625,52.0
FM-84,98676.33333333333,1452.388888888889,165.0
Faded,32.07692307692308,3.1538461538461537,0.07692307692307693
Famous Dex,7264703.173913044,102582.43478260869,4871.217391304348
Far Out,462100.6666666667,11653.333333333334,3536.5
Father Funk,32384.97894736842,772.6631578947369,124.6842105263158
Fauzan Buex,750006.5,8008.0,184.0
Featurecast,45151.433333333334,898.3833333333333,172.0
Feel The Beat,3870046.6,54128.6,1980.2
Ferdy,8990.0,369.0,17.0
Ferryan Yudha,2643097.0,62300.0,1051.0
FettyWap1738,2201515.4258064516,30105.464516129032,2916.451612903226
Flexible,6313.045454545455,181.45454545454547,24.227272727272727
Flipp Dinero,3629338.736842105,55099.10526315789,1711.3684210526317
Floret Loret,11750.0,639.0,117.9090909090909
Florian.N.,6574280.0,105000.0,5285.0
Flosstradamus,1404048.4337349397,27089.78313253012,5320.024096385542
Flume,3808142.529411765,61954.82352941176,12106.04411764706
Folded Dragons,22496.125,586.25,109.125
Fonk Recordings,45861.142857142855,1378.5,273.85714285714283
Foreign Family Collective,3134591.6666666665,61940.444444444445,10353.555555555555
FotschFest,9169.375,214.75,13.9375
Fransis Derelle,126869.875,3414.46875,854.25
Free Hip Hop Beats | Free Beats,2115.806666666667,37.806666666666665,2.1466666666666665
Frequent,32746.92,1306.44,194.56
Fresh Music,6704.713615023475,200.8262910798122,4.685446009389671
FuckThePxpulatixn,6652.285714285715,113.51428571428572,4.828571428571428
Fuerza Regida,7471.214285714285,160.85714285714286,2.0
Future,4857944.727659575,64159.65957446808,4761.625531914894
Future Generation Remixes,40738933.0,598000.0,31100.0
G JONES,145918.48387096773,5289.709677419355,1046.9032258064517
GDKR,11357.875,475.375,141.9375
GEARWORLD,849869.0833333334,26980.916666666668,6238.916666666667
GEO,14007.42857142857,596.0,133.71428571428572
GETTER,704547.6949152543,18096.5593220339,3187.101694915254
GHASTLY,530583.8571428572,17623.035714285714,3349.5714285714284
GHOSTEMANE,822160.6785714285,13798.517857142857,896.8392857142857
GLADEZ,56025.181818181816,3097.0,697.0
GMGB DAIDOUGH,395397.4,6544.9,240.0
GR6 EXPLODE,208294.61,4208.925714285714,100.02214285714285
GR6 FLUXOS,78760.01075268818,1644.0645161290322,55.13978494623656
GRAVEDGR,80341.76923076923,3808.076923076923,604.7692307692307
GTA_,394401.7662337662,8857.597402597403,1542.3376623376623
GUAPOTREYüëΩ,6620553.5,113593.0,2400.0
Gabe Ceribelli,52455.28571428572,1313.0,145.33333333333334
Gagan Gupta 6,2674248.5,40000.0,1431.5
Galantis,648864.5569620254,12361.322784810127,1888.6708860759493
Gallant,500218.0975609756,9171.390243902439,1714.8048780487804
Gemstone Records,27825.809523809523,738.4761904761905,133.85714285714286
Gesaffelstein,194658.93333333332,3696.0444444444443,689.9555555555555
GhostDragon,24209.585365853658,571.3170731707318,102.60975609756098
Gill Chang,176271.625,5248.95,1204.475
Giorgia Angiuli,14601.48076923077,443.86538461538464,70.15384615384616
Giovani Baldan,93916.30769230769,1328.2307692307693,33.46153846153846
"Gi·∫≠t,",118741.25,1330.25,81.75
Glazkov,5799.285714285715,184.85714285714286,2.857142857142857
Gleam Records,1609.8,64.2,12.0
Golden Features,337346.0,8059.9,1538.5
Good Enuff,134439.73913043478,3917.5565217391304,679.4
Gryffin,1684890.357142857,28803.5,5013.660714285715
Gucci Mane,1004918.377245509,14868.724550898203,861.1077844311377
Gunna,386264.23529411765,15222.764705882353,708.8823529411765
Guy Nicki,8628.0,77.33333333333333,6.0
Gym Best MusicFor Workout,1136200.625,16823.75,729.25
H.E.R.,1550291.5882352942,28234.79411764706,1925.0882352941176
HEKLER,91168.58333333333,5351.25,1108.75
HEXAGON,373597.0808080808,8772.136363636364,1571.0151515151515
HEYKERIüå∏,20486.823529411766,860.7058823529412,178.47058823529412
HIGH ON MUSIC,6454473.764705882,99768.0,10615.882352941177
HOME,279541.44155844155,4562.376623376624,501.6623376623377
HUY NEWYORK,1894.8095238095239,260.04761904761904,181.33333333333334
HU‚Çµ‚ÇµI,1777846.387755102,31443.571428571428,7036.857142857143
Ha Banana ‚ú™,15914.0,2102.1739130434785,1647.5652173913043
Hades,50157.0,527.0,26.0
Hahlweg,17315.714285714286,411.2857142857143,64.42857142857143
HardEffectz,25846.14285714286,1138.9285714285713,151.42857142857142
Hardstyle,29089.244661921708,773.3887900355871,133.77846975088968
Harlow Lewis,1788.25,29.916666666666668,7.25
Harold van Lennep,108138.61538461539,1832.7692307692307,412.84615384615387
HatredOfficial,20037.264705882353,960.2058823529412,140.6764705882353
Haywyre,427212.5135135135,8657.918918918918,1554.6756756756756
Heartfeldt Radio,37006.7,1005.0692307692308,215.87692307692308
Heber Salvador,5219863.666666667,54520.666666666664,1730.6666666666667
Hegemon Select,578725.6835443038,12521.60759493671,2261.974683544304
Hessle Audio,3562.1511627906975,86.87209302325581,9.453488372093023
Hiderway,1693.3636363636363,25.272727272727273,1.6363636363636365
Hikaru Utada,46450.92307692308,1466.076923076923,142.15384615384616
Hippie Sabotage,1245852.8666666667,24575.133333333335,3438.4666666666667
Hipst3r,9197.285714285714,215.42857142857142,12.5
Hugo Ouanounou,2076.8,18.4,2.2
Hundaes,27672.322580645163,733.483870967742,119.83870967741936
Hungry Music,283052.15555555554,6134.155555555555,987.6
Hussein_se7s,3003363.6666666665,51595.0,1659.0
Hybrid Trap üî•,45339.13333333333,1891.8733333333332,549.5966666666667
Hyper Potions,164624.1923076923,3706.1153846153848,409.15384615384613
I.M,249353.0,10080.5,1306.75
ILLENIUM,4708054.777777778,83557.73333333334,10646.533333333333
Imes,51672.88888888889,1156.388888888889,30.5
Inextremis,59045.93103448276,1870.551724137931,393.55172413793105
InformateSalta,15374.0,10.8,0.5333333333333333
Ivy Lab,51674.1,1654.1375,250.45
J. Cole,2116182.029411765,35278.882352941175,3338.4117647058824
J. Fisher <3,640.3134328358209,10.701492537313433,3.671641791044776
JACKAL,459949.60869565216,11774.391304347826,2748.7391304347825
JACKNIFE,32770.083333333336,1957.0833333333333,472.0
JAK3,26910.074074074073,696.074074074074,108.18518518518519
JATTFROMSEATTLE,26726.425,744.725,86.55
JEFF?!,26092.583333333332,1511.6666666666667,469.0833333333333
JL ProduCer,5984.0,71.60526315789474,7.315789473684211
JOE DAWES (FOLLOW),18844.25,283.9166666666667,24.25
JORDICARRERAS,1088.8298429319373,45.609947643979055,5.12041884816754
JOSHUA,153.0,4.5,0.0
JOYRYDE,1186682.8,39718.8,8614.133333333333
JVNA,38288.875,1266.125,502.75
Jack,25769876.0,271333.0,12924.333333333334
Jack √ú,5675965.5,85398.08823529411,12650.323529411764
Jacob,61393.89743589744,2463.7948717948716,463.5128205128205
Jacquees,2510319.86407767,39227.48543689321,2101.650485436893
Jad≈´ Dala,32202.834710743802,1331.297520661157,275.56198347107437
Jaenga,28192.6,1490.8,279.0
Jaguar Dreams,67814.71428571429,2157.714285714286,427.57142857142856
Jamie B DJ/Producer (official),23345.74,673.08,71.78
Jamie Han,11699.666666666666,284.0,10.0
Japannnnnn,98.5,0.0,0.0
Jaron,124013.85714285714,5617.142857142857,1028.7142857142858
Jay Eskar,31712.5,1055.5,231.75
Jay Gwuapo,1809003.4,27200.0,945.6
Jeaux,22161.166666666668,332.6666666666667,39.333333333333336
Jenaux,313124.8,6526.466666666666,1197.4
Jeremy Wildcard,18013.5,186.5,7.75
JerseyClubCO,2061.0,126.0,24.5
Jesse Bloch (Bootlegs & Mashups),294089.6904761905,7152.357142857143,1472.7857142857142
Jesus Honcho,2227645.230769231,25924.30769230769,935.8461538461538
Jesus Marin,101473.73333333334,1117.3555555555556,29.488888888888887
Jhay Cortez,787821.0,13300.0,318.0
Jhen√© Aiko,1468931.8,26468.66,3011.88
Jkyl & Hyde,20257.2,1341.9333333333334,289.6
Job Jobse,121328.4,4596.0,672.0
Joepry Yanto,48818.0,566.375,14.125
Joey Stux,1195600.857142857,17990.14285714286,1440.7142857142858
Johnny singer 81,105509.18292682926,2274.487804878049,311.2073170731707
Joji,78475.23076923077,1477.1538461538462,47.38461538461539
Jon Z ‚úÖ,958115.2727272727,15917.781818181818,455.72727272727275
Joshua Perez,1367188.5818181818,18324.836363636365,650.0727272727273
Jo√£o Sousa,69632.5,1492.5,67.5
Juice WRLD,10712499.448275862,143595.3103448276,5242.551724137931
Juicy J,798424.2435897436,11398.666666666666,1814.2948717948718
Julian Jordan,123904.8125,3227.15625,854.84375
Jun,27613.0,526.5,21.5
Justice Skolnik,228486.85714285713,5988.428571428572,1177.9285714285713
Justin Caruso,819608.1,16111.166666666666,2999.6
K2N ‚ô• K-Pop 1st,9882.333333333334,246.93333333333334,11.4
KAYVIAN Remixes,36715.5,1067.5,365.75
KDrew,731978.9642857143,12036.392857142857,2601.8928571428573
KENNIE,16348.0,813.0,74.0
KEVU,275442.6,7021.7,1705.6
KHARFI,142207.56666666668,1065.2,297.0
KIRA,60814.05172413793,1080.0689655172414,132.63793103448276
KLAXX,89842.625,3247.5,710.0
KNY FŒõCTORY,67537.18181818182,1154.7272727272727,218.8181818181818
KOAN Sound,463292.0,9528.714285714286,1853.392857142857
KRANE,507079.34375,14879.375,2946.8125
KRONO,211808.75,3889.75,736.05
KUURO,56780.833333333336,1647.8333333333333,347.8333333333333
KVN j.,1517.4444444444443,51.5,0.8055555555555556
KXA,2602981.0,40529.666666666664,5506.333333333333
Kaivon,239684.61538461538,8775.615384615385,1823.1538461538462
Kakeru,547.2549019607843,20.235294117647058,2.6862745098039214
Kalya Scintilla,73020.4109589041,1273.2739726027398,168.83561643835617
Kam Bennett,41996.5,128.16666666666666,11.0
Kantor,161441.0,3240.0,265.0
Kanye West,611422.9146341464,9960.280487804877,621.0670731707318
Kap Slap,348022.5,5379.619047619048,1212.547619047619
Kasbo,1416207.5757575757,23597.18181818182,4133.424242424242
Kayleigh Beresford,25629.25,553.25,37.5
Kayoh,77602.04761904762,2898.9523809523807,688.0
Kayou. Remixes,1281.5,43.25,3.0
KeeBin ‚ú™,14759.434782608696,1616.608695652174,1244.7826086956522
Kehlani,2907310.4393939395,47642.878787878784,5630.590909090909
Ken77 üíé,12834.461538461539,1059.7692307692307,777.4230769230769
Kevin Gates,3128974.774774775,42246.54054054054,2057.171171171171
Khalid,1210595.5333333334,19607.366666666665,1665.3666666666666
Khamsin,513251.9090909091,11908.09090909091,2040.0
Khoa D∆∞∆°ng,27470.5,930.5,50.0
KiD TRUNKS,616077.8461538461,13121.307692307691,1094.9615384615386
Kill Paris,462724.08510638296,8762.08510638298,1901.0851063829787
Klo,26995.75,771.75,149.75
Kodak Black,7896229.44520548,104922.99315068492,5761.404109589041
Kompakt,12772.946456692913,263.3511811023622,42.881889763779526
Kompany,123477.29411764706,6489.235294117647,1282.4705882352941
KondZilla Records,395374.788,7751.024,166.976
Koni,3522156.8636363638,47789.09090909091,6014.090909090909
Konrad Mil,17854.571428571428,281.2857142857143,13.428571428571429
Kontrabandz,204.05882352941177,2.6199095022624435,0.09954751131221719
Kora,75917.16666666667,3612.5,753.3333333333334
Kotori,74210.84848484848,2530.787878787879,800.3939393939394
Kuma Kokoro,14314.608695652174,225.17391304347825,5.391304347826087
Kwiin Ponira,58139.77142857143,908.8857142857142,96.08571428571429
Kyante Wilson,17177.875,592.1666666666666,67.20833333333333
Kygo,5658361.4655172415,85448.9827586207,12725.413793103447
L2ShareOST18,26276.5,822.5,46.666666666666664
L2Share‚ô´42,439711.5882352941,6078.676470588235,229.44117647058823
L2Share‚ô´49,323931.3939393939,5837.151515151515,224.21212121212122
L2Share‚ô´52,151079.83333333334,3181.8333333333335,117.11111111111111
L2Share‚ô´55,809862.0294117647,12227.911764705883,448.1764705882353
L2Share‚ô´59,392689.09375,4123.28125,223.1875
L2Share‚ô´66,699388.8125,9726.1875,360.0
L2Share‚ô´77,296785.8333333333,5497.388888888889,162.55555555555554
L2Share‚ô´78,268793.9411764706,5110.058823529412,159.64705882352942
L2Share‚ô´79,187402.25,4009.125,134.58333333333334
L2Share‚ô´80,14560.666666666666,657.6666666666666,39.333333333333336
LARSEN,80260.0,2637.0,695.0
LEEDJ - Fb: B√πi Kim T√¢n - DJ MR.LEE ‚ú™,11741.653846153846,976.2307692307693,749.5769230769231
LEGENDA FUNK,268377.53515064565,5204.45050215208,133.46341463414635
LIL LOTUS,178416.1463414634,3348.3658536585367,369.1707317073171
LIL TEXAS,52668.0,1724.8235294117646,290.88235294117646
LIL UZI VERT,17968637.576470587,217228.69411764707,13472.529411764706
LIL XAN,2919763.4814814813,40332.46296296296,1984.351851851852
LINDI,5160927.333333333,75590.0,3243.0
LINKIN_PARK,233715.48325358852,2555.784688995215,362.2248803827751
LOUD LUXURY,1248804.4444444445,26925.0,2509.222222222222
La Angelina Music,8401.545454545454,182.54545454545453,6.7272727272727275
La Casa Urbana ‚úÖ,3055798.294117647,39677.705882352944,952.8823529411765
Lacuna,25669.384615384617,923.4615384615385,299.6923076923077
Lane 8,182864.9298245614,4915.19298245614,1123.0438596491229
Lary Over,840237.0833333334,14027.625,354.3333333333333
Laszlo,153729.23333333334,3029.9333333333334,481.43333333333334
Late June,60884.97727272727,1850.659090909091,397.29545454545456
Layton Greene,7129359.333333333,100100.0,3126.3333333333335
Lazy Bear,154137.28,4190.16,877.68
Lazy Syrup Orchestra,41822.625,1975.625,474.125
LeagueofLegends,202867.87242798353,2112.337448559671,202.71604938271605
Lee Keenan Bootlegs,43960.65714285714,971.5857142857143,112.75714285714285
Leek jack,123994.55555555556,2588.6666666666665,49.666666666666664
Legado 7,56879.46153846154,574.6666666666666,11.115384615384615
Lemao 1305,86086.16666666667,1054.9375,63.208333333333336
Lenny Tav√°rez,648769.2,9739.56,254.64
Liam Cleary üíØüòé‚ôõ,20923.36111111111,421.25,66.44444444444444
Libeikast√≤nem,746.6666666666666,2.6666666666666665,0.0
LifeOfDesiigner,6069523.545454546,87750.9696969697,7812.606060606061
Lights & Music Collective,138025.5,1925.0,57.5
Lil AK,111095.16666666667,2506.3333333333335,127.5
Lil Baby,5517209.288135593,80807.08474576271,2188.508474576271
Lil Baby Street Gossip,275327.9032258064,4311.0,104.51612903225806
Lil Durk,1206277.2869565217,20084.573913043478,812.7913043478261
Lil Gotit,290588.52173913043,7055.608695652174,361.3478260869565
Lil Gun,322.43023255813955,5.8023255813953485,0.1511627906976744
Lil Keed,391092.42307692306,9420.961538461539,381.34615384615387
Lil Mosey,5021523.2727272725,68723.5,2361.7272727272725
Lil Pump,17039728.6,236590.64,11624.36
Lil Tecca ‚ú∞,579000.7,8793.0,530.2
Lil Tjay,9319415.23076923,132784.61538461538,3589.923076923077
Lil Wayne,110253.5479876161,1769.7708978328174,77.15789473684211
"Lil Yachty, RD, Lil Boat",4124151.2580645164,62083.11827956989,4221.903225806452
LinhLee 0946233333,14804.791666666666,1507.5119047619048,1157.6130952380952
Liquid Ritual,28240.0,914.8983050847457,206.89830508474577
Lontalius,69694.64,1117.8,169.6
Los Hijos De Garcia,10583.0,185.69565217391303,2.4782608695652173
LosDurosTV,24311.533333333333,327.8333333333333,8.333333333333334
Louis The Child,1933804.469387755,39311.857142857145,6936.0204081632655
Lucas Tobias,661590.0,16174.999999999998,257.0
Luceo,16244.333333333334,825.8888888888889,193.11111111111111
Lucian,2359373.48,36793.32,5210.72
LuisPerez13,1776313.8636363635,8865.863636363636,663.5454545454545
Luka Lucky,1106219.0,12300.0,245.0
Lumar Perez,40393.666666666664,472.3333333333333,3.3333333333333335
Luttrell,30925.7,952.85,160.15
Lyke,2186.740740740741,79.44444444444444,5.2592592592592595
M+ike,17865.65,369.75,17.875
M. Ward,20284.122580645162,131.18064516129033,7.922580645161291
M83,121530.8962962963,1564.4296296296295,279.47407407407405
MAC AYRES,199431.5357142857,4850.642857142857,664.9642857142857
MADDS,31511.625,854.875,137.0
MADGRRL,9782.333333333334,456.6666666666667,101.33333333333333
MAG3,50961.0,1773.3333333333333,326.6666666666667
MARTY BALLER,65012.27272727273,1352.2,221.0909090909091
MC FROG #A2M,175561.0,4174.166666666667,125.20833333333333
MC RICK OFICIAL,505628.50877192983,12648.315789473685,413.50877192982455
MEDUZA,4204.0,272.0,18.5
MEEK MILL,553985.336,7999.192,686.96
MELHORES PAGODES ‚ú™,413623.3,11773.833333333334,174.06666666666666
MILD MINDS,51451.8,1217.0,222.0
MIND DIMENSION,13710.0,855.0,145.0
MMNC,12266.117647058823,169.23529411764707,6.647058823529412
MOHAMED HALIM ‚ú™,249567.91666666666,6776.75,185.41666666666666
MONTANA of 300,995248.3456790124,13487.765432098766,729.8148148148148
Maatesh Murali,43150.5,2422.0,241.5
Mabel,306288.4117647059,5206.85294117647,356.11764705882354
Machinedrum,94343.75,2309.1029411764707,364.8970588235294
Macks Wolf,17155.88888888889,680.2222222222222,282.55555555555554
Mad Decent,497040.86288848263,9723.343692870201,1744.526508226691
Mahritsza,1795971.4444444445,7419.444444444444,455.22222222222223
Major Lazer [OFFICIAL],3048555.0753768845,45313.06030150754,5725.874371859297
Mako,16280.0,63.0,5.0
Malik Hamza Sajjad,314802.8888888889,4746.555555555556,164.11111111111111
Manila Killa,894429.1333333333,18347.7,3960.266666666667
Manse,23896.521739130436,620.195652173913,117.30434782608695
Marcus mj,24271090.0,313000.0,33300.0
Marin Hoxha /(Remixes),1225770.25,19893.5,709.75
Martin Garrix,6420615.897435897,118953.35897435897,14986.564102564103
Massive New Krew,10885.757575757576,231.84848484848484,22.46969696969697
Mastadon,146991.4,6784.6,1130.2
Masters of Hardcore,25493.89814814815,859.1041666666666,132.7037037037037
Mateus Santiago,202252.4347826087,3566.4347826086955,51.84782608695652
Matheus Bazoli,111522.57142857143,1533.7142857142858,52.07142857142857
Matt Barker Music,3718.769230769231,12.615384615384615,7.230769230769231
Matte,33618.5,1083.9,252.4
Maxximize On Air,16728.21875,446.40625,128.1625
Maxximize Records,215974.00980392157,5886.166666666667,1083.0588235294117
Mayan Warrior,45831.71641791045,2466.8358208955224,437.9850746268657
Meaux Green,305060.8333333333,7209.944444444444,1612.8333333333333
Mefjus,46108.264462809915,1408.5785123966941,205.28925619834712
Menor Menor,37212.86666666667,554.4,7.533333333333333
Menumas,198090.4705882353,6096.264705882353,284.38235294117646
Metanoia Music,297824.3789473684,2682.6105263157897,801.4
Metro Boomin,3048686.5546218487,44590.294117647056,3934.8571428571427
Michael,237177.42857142858,3733.714285714286,96.71428571428571
Michael Gutierrez-Diaz,15251.1,103.25,3.85
Midland,62144.903225806454,1915.225806451613,313.7096774193548
Midoca,57637.217391304344,1361.5652173913043,271.7826086956522
Mielo,250209.38461538462,6094.076923076923,1355.3846153846155
Mike Perry Sweden,1040158.0909090909,15978.636363636364,1174.6363636363637
Mildred,7813.6,186.6,32.29090909090909
Mincaf√©,22834.52380952381,590.3809523809524,11.571428571428571
Minh Quang,7780.277777777777,809.5555555555555,618.6666666666666
MinhHieu.SickBoy,321992.71428571426,4332.428571428572,285.7142857142857
MistrzMarcus,199.92857142857142,5.833333333333333,0.21428571428571427
Mixmag,45856.52397094431,1598.6169491525425,327.42179176755445
Mohamed Abkarino,8402.5,223.625,4.875
Mohamed Ramadan,2395008.0,91643.35,1546.55
Mohamed Samir 341,398879.8461538461,15611.5,205.19230769230768
Mohamed Talaat,630311.4,21585.7,306.0
MoneyJourney,2311983.0,35300.0,989.0
Monstercat,390599.6105263158,7131.797894736842,1323.9228070175438
Moon,144.75,2.076923076923077,0.07692307692307693
More Fruit üí¶üåøüçé,227755.7142857143,7304.571428571428,376.85714285714283
More Than Records,422120.5,7644.804347826087,1054.804347826087
Morgan Page,41491.28512396694,791.7830578512396,172.85743801652893
Moving Castle,193323.12765957447,4590.425531914893,996.4042553191489
Mr. Rian Thaal,11462.081081081082,205.1081081081081,27.945945945945947
MrSuicideSheep,427594.4482758621,8015.449712643678,1256.1508620689656
Mugatunes VIP,5207.961538461538,99.93589743589743,6.602564102564102
Music,61414.0,2410.4117647058824,90.23529411764706
Music Mhragnat - ŸÖŸäŸàÿ≤ŸÉ ŸÖŸáÿ±ÿ¨ÿßŸÜÿßÿ™,93292.125,3791.125,61.916666666666664
My Nu Leng,127018.43243243243,3548.162162162162,696.5675675675676
Mystery Skulls,155026.73170731709,2258.512195121951,226.09756097560975
Mystical Complex,134115.85185185185,4854.074074074074,821.2962962962963
N3bula,7974.142857142857,393.57142857142856,167.14285714285714
NASCENT,27672.666666666668,653.0,326.1666666666667
NAZAAR'S WAVES,7991.0,529.5,115.0
NCM,204485.5,2706.3,94.1
NCRYPTA,25117.709677419356,764.9677419354839,120.09677419354838
NCS,553276.3811188812,8498.902097902097,831.6643356643357
NESCAF√â Basement,611698.5789473684,13810.052631578947,1576.9473684210527
NGHTMRE,1976215.6756756757,50111.2972972973,9014.405405405405
NLE Choppa,285846.0,13835.5,225.5
NO1 | NOAH,644509.7,11998.833333333334,1134.8
Nanks,196738.14285714287,3897.8571428571427,212.85714285714286
Narzo Sanabria,335324.85714285716,3788.5714285714284,264.07142857142856
Neko Hina,1739.5714285714287,80.85714285714286,3.857142857142857
Nelchael Nelchabarren,25936.731707317074,490.2682926829268,66.02439024390245
Neophyte Records,11368.019305019305,354.4131274131274,61.93050193050193
Ness The Kid,719200.5,7724.5,2152.0
Nettwerk Music Group,6106.892857142857,101.46428571428571,12.107142857142858
New 2018,2315681.0,108000.0,1637.0
News24,11841.164383561643,2.904109589041096,0.3835616438356164
Ng-Tiek,26320.122448979593,272.0816326530612,18.408163265306122
Nguy·ªÖn T√†i Tr√≠,80443.33333333333,2752.6666666666665,207.33333333333334
Nick Nitro,39014.779661016946,947.1694915254237,34.59322033898305
Nick Vanelli,1500.2884615384614,28.338461538461537,6.730769230769231
Night Lovell,1754237.3658536586,27494.29268292683,2647.609756097561
NightCore,4686943.0,45497.73529411765,2932.5588235294117
Nina Kraviz,338217.6,11039.1,1597.6
Ninety9Lives,35579.91062801932,720.1473429951691,124.06521739130434
Nirvana,21556.15589353612,350.68821292775664,16.155893536121674
Nitti Gritti,116235.70967741935,5162.290322580645,800.2903225806451
No Jumper,182377.59722222222,2101.003472222222,148.71875
No Mana,45799.26666666667,1445.9777777777779,252.0
Noisia Radio,50562.32061068702,1487.4885496183206,230.9083969465649
Nolan van Lith,299565.22222222225,6452.444444444444,1342.888888888889
Nora En Pure,114390.94736842105,2851.2631578947367,541.0643274853801
Noriel,1379596.25,23134.25,724.625
Nowadays Records,5954.545454545455,141.56060606060606,25.53030303030303
Nu Elect Remix,3002.0,223.0,83.0
Nurko,178920.2,4375.2,695.8
ODESZA,2069927.2068965517,31435.471264367818,5730.954022988506
OFFSET ‚Äì FATHER OF 4 (ALBUM),731889.2352941176,12018.411764705883,281.4117647058824
OLIVERSE,55590.5,2436.3214285714284,459.14285714285717
ONYRIX / Dino Olivieri,413888.5416666667,135.375,20.666666666666668
Ocean,86329.28421052631,1343.6842105263158,96.9578947368421
OfficialJeremih,476952.3855421687,7476.1325301204815,487.86746987951807
Offing,37210.642857142855,678.9285714285714,39.92857142857143
Offset,139783.66666666666,5703.416666666667,261.6666666666667
Ohhh Gawd,3501.0285714285715,125.35714285714286,33.371428571428574
Olly James,21299.48,1011.04,435.04
Olosai,136939.7837837838,3104.5135135135133,612.7837837837837
OneyMusic,35553.29824561404,554.1929824561404,49.26315789473684
Original Do Brasil,464.94117647058823,31.61764705882353,2.7941176470588234
Osias,297776.9736842105,4298.763157894737,281.39473684210526
Otilia Official,478952.42307692306,8863.923076923076,456.46153846153845
OweR__,427229.2173913043,3706.8695652173915,25.347826086956523
PAN,704.6766169154229,21.920398009950247,2.7213930348258706
PARTY FAVOR,939622.5,19401.79411764706,3574.264705882353
PEARL WHITE,93820.54545454546,2416.090909090909,474.09090909090907
PEEKABOO,106127.625,7492.125,1420.875
PERTURBATOR,120862.96226415095,1475.5094339622642,132.96226415094338
PETIT BISCUIT,1588523.2702702703,27634.027027027027,3723.108108108108
PHARAOH,1650850.4,28000.0,1292.1
PHORA,1206243.4,16130.764705882353,1002.7647058823529
PLAYBOX,19639.82564102564,508.37948717948717,121.1948717948718
"PMJ ""Pastor Mike Jr.""",1374.2,36.4,2.8
PNCS INC,6425.709511568123,110.74550128534705,4.732647814910026
POLO G,698323.2666666667,13608.2,363.3333333333333
POWERFUL RAMA,19852.615384615383,338.38461538461536,51.15384615384615
PSYQUI,33656.617647058825,890.6176470588235,59.294117647058826
PYRMDPLAZA,443337.75,11812.166666666666,2355.3333333333335
Panda Panda,20022.0,888.5,43.0
Panic! At The Disco,1387511.252631579,18232.77894736842,1453.0631578947368
Panorama LIVE,603.054794520548,6.3561643835616435,0.3082191780821918
Pantheon Select,257391.80188679244,7464.11320754717,1654.811320754717
Pardi,12196.826086956522,282.95652173913044,37.78260869565217
Party Pupils,372908.63636363635,10053.0,1714.2727272727273
Patrick Topping,76342.78787878787,2758.818181818182,467.5151515151515
PatrickReza,178836.37209302327,3731.0,822.8139534883721
Paula Temple,81002.4,3139.133333333333,519.6666666666666
Pax Impera,126194.4,5878.6,1206.4
Pesawat Sederhana,2524.6666666666665,56.333333333333336,1.6666666666666667
Phong H·∫£i Nguy·ªÖn,70378.83333333333,604.3333333333334,38.5
Pink Sweat$,428583.4,10963.8,708.0
Plasmapool,10111.852173913043,132.41159420289856,22.21159420289855
Playground Radio,55017.57142857143,2498.904761904762,448.57142857142856
PnB Rock,4461761.396694215,62465.694214876035,3104.0495867768595
Polo G,2346092.3333333335,45788.666666666664,994.0
Pope,1850762.75,14774.25,1048.5
Pornhub,28090.333333333332,721.6666666666666,22.0
Portal do Rap,734927.7419354839,12183.90322580645,252.70967741935485
Porter Robinson,1497256.111111111,30187.533333333333,6063.4
Post Malone,14208844.925,191784.75,13762.775
Potion,657197.7575757576,13546.848484848484,2501.878787878788
Pouya .,1700398.3582089553,27688.201492537315,3104.9253731343283
Prince Armani,39344.78571428572,292.32142857142856,23.535714285714285
Prince Winston Thee Third,3110770.0,2061.0,761.0
Producer D.Minz,851.75,147.5,97.5
Protocol Recordings,41794.07236842105,981.0657894736842,206.16447368421052
Proximity,431034.6666666667,7668.175,1854.075
Pucca,7719.5,113.0,6.0
Puppet,172620.3,3297.5,474.7
QUIX,380053.3333333333,13575.444444444445,2661.5185185185187
Quando Rondo,2819947.1666666665,45081.86666666667,1161.0333333333333
QuarTer 2,12640.5,94.57142857142857,8.357142857142858
Quartzo Records,18141.97157622739,1100.733850129199,212.7235142118863
Queen,14597.281588447653,224.27256317689532,1.6137184115523466
Queen Naija,17384297.5,243525.0,6179.75
Qu·ª≥nh Anh Shin,2235.3333333333335,247.44444444444446,186.07407407407408
R-Wan,305165.8125,2351.75,1103.1875
R3HAB,1545904.8676470588,28168.642156862745,3956.299019607843
R3HAB - I NEED R3HAB,90631.10313901346,2333.0762331838564,778.4170403587444
RD Urbans Music ‚úÖ,5984285.5,86621.54166666667,3196.9166666666665
REESE,38987.565217391304,1091.8260869565217,276.7826086956522
REVOKE,903479.8571428572,13247.714285714286,1523.7142857142858
REZZ,361028.9791666667,11878.0,2017.1875
RIOT TEN,280035.15625,9082.375,1714.34375
RL Grime,2733801.765625,51897.015625,9818.484375
ROJAS,4901550.606060606,56628.57575757576,3509.212121212121
Rabbit Network,1973.6176470588234,48.294117647058826,1.5588235294117647
Radical Redemption,77321.51666666666,1779.9833333333333,267.53333333333336
Raider,126259.2,2903.3,528.3
Rain Man,773575.4615384615,15517.461538461539,2361.3076923076924
Rampa,44164.0,1214.4761904761904,202.71428571428572
Raul RM,9052.473684210527,140.31578947368422,3.1052631578947367
Reaper,51600.25,3636.5,670.5
ReauBeau,18383.916666666668,520.5833333333334,130.16666666666666
Reggaeton - TRAP,157573.57894736843,2786.9210526315787,53.78947368421053
Resident Advisor,11874.196451204056,590.1102661596958,90.28643852978453
RetroSpecter,39485.32,767.71,33.97
Revealed Recordings,118025.54214123006,3373.523917995444,660.3462414578588
Rex Orange County,1669759.2727272727,27972.545454545456,1583.4545454545455
RhymeCloud - Punjabi Hindi Poetry,5887.760563380281,97.36619718309859,7.267605633802817
Rich The Kid,3539096.279661017,55376.872881355936,3760.14406779661
Rickie Nolls,27035.090909090908,683.6363636363636,157.9090909090909
Riddim Network,33406.48275862069,1803.295566502463,520.0147783251232
Riot Shift,12637.578947368422,576.8421052631579,153.52631578947367
Rising Dust,145598.36170212767,4505.787234042553,341.8510638297872
Rmastic Records,1625.7894736842106,20.473684210526315,1.2105263157894737
Roadrunner USA,128826.28871892925,1443.2523900573615,91.97705544933078
Robert Raafat,86882.0,2900.2,32.2
Robin Schulz,860705.9133858267,12954.677165354331,2205.503937007874
Robot Heart,142519.29605263157,5805.026315789473,994.1973684210526
Rocio Araujo,6338223.0,104000.0,3088.0
Roddy Ricch,1182078.2608695652,20280.782608695652,546.6086956521739
Rodrigo Le√≥n,10466.5,10.25,0.25
Romen Jewels,22088.083333333332,231.25,45.666666666666664
Romen Jewels Diary,340584.6666666667,6747.333333333333,285.8333333333333
Romen Jewels Secrets,115838.6,1952.6,186.4
Romen Jewels VIP,26010.2,542.8,75.4
Romeo Santos,1338412.7727272727,17525.0,418.27272727272725
Rudboii,2208.0,75.75,12.75
Rudeejay,26147.21212121212,1148.939393939394,644.5151515151515
Rudimental,410208.73548387096,6364.658064516129,1048.0774193548386
RyanMcRandal‚ôà,205202.83333333334,3548.777777777778,130.83333333333334
RyukeiZero,800.1666666666666,31.5,0.5
R√úF√úS DU SOL,658644.2121212122,13305.545454545454,2489.4848484848485
SERPENTS,11321.0,1738.0,517.0
SFiremusic,1018222.1428571428,3434.8571428571427,312.3333333333333
SHAKED (Official),470966.1666666667,8708.583333333334,1238.5
SHORELINE MAFIA,1721294.0238095238,22544.964285714286,824.8214285714286
SIMON PALACIOS,79829.33333333333,3562.0,212.77777777777777
SK BEATS TECH,11011.837837837838,148.86486486486487,5.243243243243243
SKI MASK THE SLUMP GOD,6099891.775510204,95567.3469387755,5134.530612244898
SLANDER,1741550.55,43027.5,9088.95
SN0WMASS,32085.333333333332,978.6666666666666,248.0
SNAILS,680543.9636363636,20184.872727272726,3929.6363636363635
SNAKEHIPS,1340517.8852459015,23426.245901639344,4895.688524590164
SNEEK,81163.57142857143,3753.285714285714,621.0
SNOH AALEGRA,99180.6551724138,2055.5172413793102,367.2413793103448
SWATTREX,22576.0,516.2105263157895,202.52631578947367
SYNESTHESIA,55620.27777777778,2207.5,530.3888888888889
Sample Logic,7069.868421052632,7.105263157894737,1.0043859649122806
San Holo,955256.2045454546,19666.06818181818,2734.75
SangChjvas (ƒê√≠ch B·ª±),6490.294117647059,676.5294117647059,510.11764705882354
Savoy,128401.775,2379.225,488.875
SayMaxWell,145101.15,2294.875,119.425
Sayven Music,702.2424242424242,45.515151515151516,8.515151515151516
Scantraxx,19473.509127789046,519.5131845841785,107.5131845841785
Schorty,35265.35294117647,536.1764705882352,13.941176470588236
Sebek,263624.0,5933.0,239.0
Sefa,218586.7,6051.5,666.3
Selador Recordings,2953.5573122529645,94.67193675889328,19.652173913043477
Sertanejo Repost,1414904.4571428571,25123.457142857143,721.4285714285714
Seven Lions,656671.6320754717,13145.518867924528,2628.867924528302
Shady Ali,69342.2,1838.2666666666667,35.4
Shanghai Doom,34733.818181818184,2043.0454545454545,512.1818181818181
Shawn Wasabi,1407718.6666666667,23682.666666666668,2571.2
Sherine,3645594.285714286,163260.85714285713,2344.285714285714
Shev Stax,5264.613636363636,10.954545454545455,1.75
ShineMusic,126087.35714285714,2575.904761904762,128.76190476190476
Ship Wrek,492188.92307692306,12160.0,2653.3846153846152
Sigala,176458.4255319149,3453.7021276595747,466.8085106382979
Similar Outskirts,24522.25925925926,673.5185185185185,107.11111111111111
Sjammienators,25992.67105263158,992.3815789473684,158.0921052631579
Skinnyfromthe9,639842.1666666666,9302.266666666666,518.2
Sleeping At Last,821045.875,10110.375,915.125
Slooze,64739.22222222222,3275.777777777778,590.2222222222222
Slow Hours,323337.0,8469.0,1399.0
Smooky MarGielaa üçá,869813.1666666666,16791.916666666668,1330.0833333333333
Soba,6008.68,256.3,38.0
Soldier Kidd,307752.16363636364,4534.381818181818,169.6727272727273
Son2M,24049.65,1358.7,983.15
Soul Saiyan Xth,16936.96153846154,208.03846153846155,2.576923076923077
Spectrum,41828.71428571428,1301.2857142857142,358.2857142857143
Spinnin' Records,27686.03448275862,1086.0689655172414,179.05747126436782
Stars and Rabbit,271585.71428571426,2597.4285714285716,139.14285714285714
Stephen,2679112.1428571427,45809.142857142855,5919.285714285715
Sterk√∏l,286233.2,4523.133333333333,735.2
Steve Aoki,287773.95738636365,5036.616477272727,843.6931818181819
Steve Schlatman,22252.0,5.294117647058823,0.5
Stickybuds~,82812.29268292683,2484.2195121951218,604.2682926829268
Stil vor Talent,7121.4187192118225,208.04926108374383,26.177339901477833
StoRo,1628.8333333333333,25.22222222222222,1.8333333333333333
Stonebank,85270.08333333333,2332.25,372.1666666666667
Straim,25458.25,956.75,238.5
Strelitzian,52501.42307692308,721.1538461538462,19.692307692307693
SubDocta,38583.5625,2416.5,469.25
Subfer,120089.0,3282.090909090909,595.4545454545455
Subtronics,109563.0,5665.921568627451,1072.921568627451
Suit of Bullets,25598.333333333332,815.1666666666666,173.33333333333334
Summer,196311.16666666666,3141.1666666666665,75.0
Summer Walker,525623.8666666667,9112.733333333334,422.46666666666664
Sunmin Jeong_ÏÑ†ÎØº,21814.0,1199.0,49.0
Supreme Patty,2481083.1428571427,35771.42857142857,1859.142857142857
Sweepz,31892.5,553.0,116.5
Sweet Musique,11263.24593495935,506.9349593495935,118.3729674796748
Sweet Spot,46999.142857142855,694.7142857142857,94.14285714285714
Swunks,6097.666666666667,203.55555555555554,51.074074074074076
Sydney Renae,4276672.842105263,57617.05263157895,2432.9473684210525
Synchronice,1395874.1538461538,19985.615384615383,2057.923076923077
Synkro,116275.88888888889,1926.7407407407406,329.3703703703704
Synthion,47394.1,1609.5,263.1
T-Mass,568808.6808510638,10877.489361702128,1911.0212765957447
TCK,43239.333333333336,1262.6666666666667,153.33333333333334
TCT Production,957.0,33.0,3.0
TERROR BASS,27606.0,979.75,186.0
TEYANA TAYLOR,132249.55555555556,1995.6666666666667,275.22222222222223
THE GANG,200192.37055837564,4228.010152284264,156.34010152284264
TOKYO MACHINE,178283.45454545456,5127.636363636364,705.3636363636364
TOO KIND,19628.0,881.9411764705883,198.05882352941177
TOON KIDS MUSIC¬Æ,697851.0,459.1818181818182,217.8181818181818
TRAILS,488426.7,11802.3,2758.3
TRAP CORRIDO$,21720.91935483871,286.88709677419354,7.096774193548387
TRAP SUPER,114151.84210526316,2120.7368421052633,47.1578947368421
TRAPCLOUD,106239.6129032258,1942.483870967742,37.03225806451613
TWO LANES,249958.66666666666,5477.222222222223,1142.6666666666667
TWOLOUD,31472.3,679.64,162.37
Takeoff,781506.375,13339.625,483.5
Tam_0146 ^^,1871.3125,79.4375,1.875
Taofik opung,6713.7692307692305,125.3076923076923,1.1538461538461537
Tasty,124687.0,2690.514705882353,449.75735294117646
Tchami,1883371.6,44631.34285714286,9487.314285714287
Team Generation (DJ B-Generation),5009.8125,156.5,20.0
Tee Grizzley,4369622.2549019605,55780.43137254902,2444.372549019608
TeeMin,14766.96,1269.04,935.12
Teebo,13946.217391304348,339.0869565217391,116.4927536231884
Teenage Kicks.,530723.6666666666,8243.0,389.0
Teminite,176665.44262295082,3727.72131147541,586.0
The Chainsmokers,1145090.3525641025,19159.615384615383,3627.00641025641
The Funk Hunters,81627.6888888889,2500.4666666666667,612.0222222222222
The Glitch Mob,180678.09923664122,2699.5190839694656,459.90076335877865
The Trap House ‚úÖ,2363185.5789473685,31061.736842105263,665.7368421052631
The Upbeats,40499.18348623853,1003.3394495412844,157.86238532110093
TheBestSongs,1550.857142857143,73.28571428571429,3.0
TheFatRat,1431693.7857142857,24284.285714285714,2006.9285714285713
Thissongissick.com,646598.3491620112,13884.68156424581,3139.4972067039107
ThissongissickMixes,272703.5,11214.5,2236.6666666666665
Thoreau,115376.13636363637,2299.9545454545455,482.6818181818182
Thuy Ngoc Le,19219.0,862.0,34.0
Th·ªãnh Suy,90069.58620689655,1573.5172413793102,109.93103448275862
Tigey,22950.75,450.0,12.0
Tim Gunter,1478148.4210526317,25102.42105263158,3711.315789473684
Tink,6586755.761904762,98413.85714285714,9441.619047619048
Tirantbacon2,34836.757575757576,394.7878787878788,11.909090909090908
Tisoki,116896.14705882352,5410.941176470588,1063.1470588235295
Ti√´sto,375813.6750788643,6296.107255520505,1167.788643533123
Tobtok,257333.33333333334,4823.933333333333,999.7333333333333
Tonifa,34083.333333333336,616.4444444444445,18.666666666666668
Tony Kakkar - Kuch Kuch | Neha Kakkar | Priyank,45485.2,1057.4,22.0
Tooru,1421.5,25.5,0.5
TopDawgEnt,7653619.2727272725,122597.0303030303,16950.196969696968
Tora Loaadiing,3568588.0,39700.0,1197.0
Touliver,216667.87969924812,2102.218045112782,305.90977443609023
Trademark,102378.20833333333,2722.3333333333335,347.0833333333333
Trap,148736.16242038217,3668.9012738853503,840.6592356687898
Trap Codeine,21590.275862068964,359.41379310344826,4.379310344827586
Trap House Latino,44069.56910569106,584.8780487804878,17.48780487804878
Trap Music HD,373683.8108108108,7332.108108108108,827.4594594594595
Trap Nation,620407.5891472868,9732.031007751939,1271.6899224806202
Trap Network,1322858.6,19885.5,1729.2333333333333
Trap Sounds,18656.07482993197,550.7551020408164,134.66666666666666
Trapeton Tv ‚úÖ,1064400.107142857,16514.428571428572,313.64285714285717
Travis Scott,10346135.866666667,152298.42222222223,15413.755555555555
Trevor Something,29571.19512195122,535.0731707317074,70.41463414634147
Treybaile,276690.4772727273,4518.454545454545,95.61363636363636
Tri Suprastomo Nitihardjo,250226.0,4368.970588235294,88.41176470588235
TriOnDaBeat,47617.6,626.8,15.8
Tribal Trap,57695.3,1806.918181818182,354.8636363636364
Triggabyte,4866.0,320.0,85.66666666666667
Trillions,1755.4,139.4,55.6
Trinidad Cardona,197913.0,3642.285714285714,194.57142857142858
Trippie Redd,11461632.191780822,158374.56164383562,7084.2054794520545
Tritonal,107655.73239436619,2257.355633802817,550.0915492957746
True King Productions,12272.0,16.6,3.8
TryHardNinja,128255.05649717514,1675.09604519774,93.28813559322033
Tuan Lux,19481.0,2327.0,1772.0
Tucandeira,29538.875,206.875,16.875
Twilight Notes,32954.485714285714,861.6857142857143,248.45714285714286
Two Feet,1620400.5,32307.5,3241.0
Two Friends Big Bootie Mixes,3923750.6666666665,95066.66666666667,8818.333333333334
Two Friends Remixes,220087.0,6058.5,908.0
Tyga,1848694.488372093,29298.18604651163,2636.7906976744184
TypicalHeist,1305.7857142857142,67.28571428571429,17.285714285714285
UFO Project,6987.818181818182,251.9090909090909,44.81818181818182
UKato,11808.75,508.0,72.5
UNDER - VIETRAP,259485.57142857142,3154.6428571428573,186.21428571428572
Ujico*/Snail's House,166724.86440677967,3470.6101694915255,274.0
Ultimate Trvp,8738.592105263158,328.32894736842104,101.57894736842105
Ulviyya Ali,531810.947368421,8878.0,868.8421052631579
Undertale: Daitai Rireki (AZ!Underswap) OST,8731.21875,242.59375,53.34375
Undiscovered Sounds,893697.1363636364,11294.0,890.5
Unresolved,63645.36363636364,881.439393939394,147.65151515151516
Uprise Music,99804.40571428572,2534.8285714285716,771.0171428571429
Upriser,18933.4,826.8,170.0
Uptempo HC Channel,10626.697704081633,468.8775510204082,70.09056122448979
Urang Awak,38893.769230769234,623.0769230769231,15.076923076923077
Uzi Updatess,201675.88888888888,3843.0555555555557,144.22222222222223
VALENTINE,83597.95833333333,3095.375,570.125
VANIC Official,6631195.518518519,107368.48148148147,16676.222222222223
VINXENüá∞üá∑,1016654.0,13985.190476190477,982.8095238095239
VXII Radio,89662.1,2433.866666666667,504.6666666666667
Valentino Khan,327352.6666666667,8606.166666666666,1449.2777777777778
Vangorian,1246.0,2.6470588235294117,0.17647058823529413
Vedo TheSinger,204733.51685393258,2939.4269662921347,246.8876404494382
Vexento,80735.14018691589,1246.6168224299065,112.19626168224299
Vicetone,1259898.5970149254,19189.82089552239,3901.492537313433
Vincent 2,725169.25,18085.75,3538.5
Virtual Riot,452148.5847457627,9428.906779661016,1505.677966101695
Vi·ªát,234141.33333333334,4255.666666666667,258.3333333333333
Vlad Zinchenko,126319.0,3860.0,72.5
Voldex,19594.814814814814,440.962962962963,146.44444444444446
Voliik,31455.571428571428,1655.0,353.0
VƒÉn Nguy√™n,2380.764705882353,380.1764705882353,302.47058823529414
"V≈©,",957078.304347826,11098.08695652174,1436.1739130434783
W&W,1566616.6304347827,31897.478260869564,4899.608695652174
W. A. Production¬Æ,21400.76808510638,1502.5468085106384,1030.4021276595745
WAVEDASH,122782.15384615384,5547.307692307692,1041.5384615384614
WB x MB,9161.828571428572,380.3047619047619,94.28571428571429
WE ARE FURY,157889.46153846153,4143.153846153846,739.1538461538462
WEVLTH,86455.03571428571,2187.3928571428573,443.64285714285717
WILD BOYZ!,23527.5,1068.3333333333333,273.1666666666667
WITNESS THIS,7109.416666666667,343.0833333333333,70.31666666666666
WIWEK,189134.9375,5084.9375,861.3229166666666
WOO2TECH [P R O M O],154108.0,4190.0,457.0
WORLDSTARHIPHOP,211133.2564102564,4157.461538461538,163.76923076923077
Wakaan,71358.27619047619,3488.5619047619048,572.1190476190476
WarfaceOfficial,50507.33980582524,1222.8349514563106,185.5242718446602
Warner Music Nashville,81735.47619047618,1077.1785714285713,101.23214285714286
Wasp Records,24054.333333333332,196.61111111111111,101.55555555555556
What So Not,412112.9142857143,9869.271428571428,2015.2857142857142
When We Dip,5351.293333333333,321.61333333333334,66.0
WillSparks,640662.6382978724,12490.351063829787,1960.712765957447
WindFair,110431.9696969697,1954.0,54.121212121212125
Windhive,2318.8571428571427,135.14285714285714,45.0
Wooli üêò,164110.61538461538,7836.615384615385,1425.3076923076924
WorldStarHipHop Radio,204917.84615384616,3518.076923076923,236.15384615384616
XXXTENTACION,16427917.15,230183.75,12805.8875
XXXTentacion,1245964.5,20370.666666666668,491.3333333333333
Xavi,46256.375,2073.5,382.125
XavierWulf,1560256.6259541984,22018.022900763357,2566.1526717557254
Xinwi III,627597.5,11393.0,416.0
YAKUTARO,2833.0,18.0,1.2
YG,769158.2,13199.271428571428,549.8428571428572
YG Entertainment,1652826.0,27169.666666666668,1511.3333333333333
YK Osiris,6702272.0,112000.0,2446.0
YOOKiE,158857.54054054053,7085.027027027027,1300.972972972973
Yheti,56159.213483146064,2251.078651685393,422.438202247191
Yk Osiris,10929.0,100.7,2.5
Ynw Melly,1958407.6097560977,32901.87804878049,897.780487804878
Yoe Mase,104821.66666666667,2135.9,331.9
Young M.A,861980.6153846154,15156.23076923077,1109.2564102564102
Young MA,535833.15,9137.4,264.9
Young Thug,3018050.0,46486.53548387097,3158.6709677419353
YoungBoy Never Broke Again,5816526.521739131,81420.71739130435,2590.836956521739
YtMatch.com,12686.609418282549,215.01939058171746,3.7506925207756234
Yung Dza,11529.091954022988,166.75862068965517,6.689655172413793
Yung Gravy,2136193.8518518517,34284.444444444445,1847.851851851852
Yung Storm,31.384615384615383,2.0,0.07692307692307693
Yunizon,179857.76666666666,3337.4,721.1333333333333
Yvng Jalape√±o,75782.8,3002.6,657.3333333333334
Z Money,27141.85714285714,491.1547619047619,40.38095238095238
ZCBeats,17869.8995215311,209.47368421052633,8.82775119617225
ZZZ Beats,1002.2368421052631,18.605263157894736,1.368421052631579
ZaddyB,2668.75,147.0,18.75
Zedd,988897.0465116279,16525.3488372093,2688.9651162790697
Zimmer,193613.60256410256,3837.4615384615386,806.5512820512821
Zinay Hernandez,64976.47619047619,928.5238095238095,27.976190476190474
[DJWiLlY '19]‚úî,8317.0,184.8,70.4
_lynx1337,22272.108695652172,316.0652173913044,3.0434782608695654
adik 21,380.42857142857144,16.0,0.2857142857142857
afieqzz,241897.54545454544,2984.3636363636365,162.45454545454547
alexeiorloff,3161101.3333333335,39699.666666666664,3690.6666666666665
anderson .paak,578926.0217391305,10545.826086956522,1470.804347826087
arael,40096.675,1223.075,227.825
arthyum,1566413.4444444445,22429.666666666668,1757.2222222222222
beartrap sound,2000595.6792452831,32960.943396226416,4356.547169811321
benjamino,651.8421052631579,37.6578947368421,8.236842105263158
benny blanco,1331868.2857142857,19806.428571428572,712.2857142857143
bitbird,266750.30263157893,7150.769736842105,1415.4342105263158
bitbird radio,54784.25925925926,1744.111111111111,293.85185185185185
blake skowron,34383.566666666666,1411.7666666666667,198.23333333333332
boppin‚Ñ¢,26137.333333333332,278.6666666666667,4.333333333333333
boy pablo,482637.0,8038.066666666667,420.1333333333333
brednbutter,181462.98684210525,4362.4473684210525,844.0921052631579
brothel.,203608.0909090909,5692.727272727273,1080.3030303030303
brysontiller,25126081.230769232,385473.3846153846,39753.38461538462
cartoon ben,4562.315789473684,134.57894736842104,24.789473684210527
clammyclams,330710.5333333333,4617.916666666667,865.7333333333333
conrad foxx,124718.5,1465.5,31.5
crisaunt,72215.625,1674.625,65.375
cubied,3121.0,52.666666666666664,3.0
cuco,1046600.8125,18057.1875,1097.34375
delgrosso,2244576.0,26945.2,1566.0
dias wiguna,1711771.8333333333,32223.5,691.8333333333334
dimitrivegasandlikemike,1050332.6434782608,19001.17391304348,3495.521739130435
dj-Jo,131377.45177664974,1915.2994923857868,235.37563451776649
djchorlo,5684672.333333333,42752.333333333336,2620.6666666666665
djmarcos nealtican,967.4148148148148,17.57777777777778,1.385185185185185
dr3amb3ing,140.50588235294117,4.223529411764706,0.611764705882353
dssv,1015712.0,17977.75,427.75
echod,11054.083333333334,449.5,91.83333333333333
elmagnon,8173.90625,283.375,6.6875
enjoii,34487.875,978.3125,196.5
entai,15069.108695652174,307.67391304347825,34.52173913043478
eslam mostafa,33534.0,988.6666666666666,20.333333333333332
essri,24.0,0.0,0.0
ezuworld,20930.833333333332,351.8333333333333,20.333333333333332
far places,18319.0,444.3333333333333,26.333333333333332
flybymidnight,675165.0285714286,10478.914285714285,418.1142857142857
ford.,75780.52380952382,2209.095238095238,368.0952380952381
freakinjar,4925.5,135.5,1.0
frshblood,59321.565217391304,2949.0434782608695,506.6811594202899
fthc,3584.8333333333335,27.791666666666668,3.0
future classic,368151.9705882353,6274.732620320856,1306.2540106951872
galaxy music ‚ú™,1348449.8064516129,71654.87096774194,1251.4193548387098
graves,539228.8846153846,18006.884615384617,4422.615384615385
hhl-music,104940.45454545454,1317.1818181818182,34.63636363636363
hongkhanh,43675.125,722.25,52.875
iLLPeTiLL,140265.23529411765,71.11764705882354,4.294117647058823
iann dior,450206.0,9775.333333333334,933.6666666666666
idealism,362719.5789473684,7270.368421052632,916.7368421052631
ikamize,7162.75,137.875,6.791666666666667
infamoso_smiley,43571.89655172414,300.3103448275862,26.310344827586206
isaiah bolton,1731.3333333333333,60.333333333333336,3.6666666666666665
jazzy_catt,34216.294117647056,696.5882352941177,10.764705882352942
joginder Singh,141494.46153846153,4001.6153846153848,77.53846153846153
johnlegend,1182824.9627329193,15758.67701863354,2828.527950310559
jorell,33547.22222222222,770.4444444444445,86.11111111111111
jrmusic,50522.675,786.2625,56.4875
ju1ced,8488.758620689656,358.55172413793105,75.93103448275862
k$upreme,601479.5272727272,10194.636363636364,829.6545454545454
kLL sMTH,20169.734939759037,858.0963855421687,143.81927710843374
ka$h steezy,13119.666666666666,179.16666666666666,38.166666666666664
kg,931071.9047619047,14536.380952380952,448.85714285714283
kiino,2820.5,132.5,10.5
kudasai,176781.42105263157,3351.4210526315787,250.78947368421052
laxcity,68614.57692307692,2200.846153846154,351.38461538461536
lclone,61639.75,703.5,66.0
lil jewsh,56876.25,2365.0,79.5
lil skies,6612676.480769231,89491.25,3779.9615384615386
lil tracy,1722583.4285714286,35295.23809523809,2753.285714285714
lilawge,141810.0,6062.0,214.0
livandmim,31515.5,1764.0,183.5
lukegarrity,16766.88888888889,312.0,14.666666666666666
marshmello,4614857.677966102,86830.42372881356,7581.677966101695
masdayat97,4117.0,20.0,0.5
mau5trap,125569.65432098765,2638.9135802469136,574.7283950617284
memphis.,15759.588235294117,528.3921568627451,124.66666666666667
modernlove,14979.003610108302,243.33212996389892,32.09386281588448
moogmusicinc,15572.130929791272,16.445920303605313,0.905123339658444
msft.,42069.5,1493.75,327.625
musicku,53996.42857142857,723.6857142857143,20.685714285714287
mxr√ßh/pt.10,275229.35555555555,4046.733333333333,111.88888888888889
nelle,12366.0,590.1428571428571,116.14285714285714
neutral.,86117.94117647059,2442.6470588235293,540.7058823529412
nickyromero,530326.6333333333,10120.1,1770.1777777777777
noon,490.8,18.9,0.4
octobersveryown,4651873.302702703,64341.34594594595,6863.675675675676
officialb2s,15604.569794050343,463.4862700228833,75.15446224256293
partyomo,14001937.181818182,194525.0909090909,27818.272727272728
pg200,13786.5,853.5,105.0
pluffaduff,9923.142857142857,469.25,68.69642857142857
plugged records.,38518.44,1207.84,309.24
pmrecordings,3300.6027397260273,77.16438356164383,9.58904109589041
promocionesfreddy,30647.033898305086,313.5141242937853,43.5225988700565
real__pcy,1400210.0,66341.66666666667,9687.25
sad frosty :(,1076467.5,20318.166666666668,1137.3333333333333
septian yuda putra,51589.882352941175,711.9411764705883,14.117647058823529
signal,20680.774193548386,962.741935483871,175.9516129032258
six impala,16647.53125,804.59375,125.5625
slushii,826820.2857142857,20217.60714285714,3359.375
smee5,15267.833333333334,407.1666666666667,35.333333333333336
smokepurpp,5676575.186046512,90193.74418604652,6227.906976744186
solomun,453307.5,11189.48076923077,1530.8461538461538
tiny elephant,8447.5,329.5,71.0
trndmsk,23802.645858343338,767.4417767106843,154.41176470588235
tsuruda,60552.692307692305,2294.5641025641025,375.8333333333333
vowl.,129019.95652173914,4140.95652173913,764.3913043478261
vromance,7268.0,847.0,42.0
waltermartinmusic,98169.74074074074,1121.851851851852,55.592592592592595
weef leaks*,449494.7272727273,11084.09090909091,1005.4545454545455
whoisFIYAH,33680.75,917.25,358.75
williamgoodofficial,309452.375,5323.0,294.625
www.AreaDugem.net,114841.95588235294,2619.455882352941,137.85294117647058
xantacular,150589.0,1148.5,476.5
xavierdang,18649.94382022472,145.1573033707865,10.955056179775282
yung187,170133.66666666666,1492.5,86.5
zpk,1913.6666666666667,59.523809523809526,16.714285714285715
√ëengo Flow Official,82428.2875,1631.2875,44.5125
ƒê.BoomBaa üê±üê±üê±,18281.8125,1959.5,1491.0
ƒê·∫°t BoomBaa,22197.037037037036,2054.259259259259,1564.7777777777778
ƒê·ª©c Durex,209343.0,6677.5,1179.5
 ü·¥ú·¥Ñ·¥Ä  ü·¥ús ú,492328.42553191487,13707.127659574468,3180.425531914894
–¢–∏–º–∞ –ë–µ–ª–æ—Ä—É—Å—Å–∫–∏—Ö,1298764.6666666667,23824.583333333332,493.1666666666667
ÿ¥ÿπÿ®Ÿä ÿ≥ÿßŸàŸÜÿØ,872.0769230769231,59.07692307692308,0.5384615384615384
ŸÖŸáÿ±ÿ¨ÿßŸÜÿßÿ™,9769.0,361.4,5.0
‡ºÑ Tha Trickaz ‚òÅ,120967.70833333333,2377.8958333333335,341.4583333333333
·É¶ ÏäàÎπÑ_[‡πëB T S‡πë],36016.0,233.0,13.0
‚Ü™ DJ JUNINHO 22,118584.60869565218,3593.6521739130435,142.95652173913044
‚òÖ‚òû Azteca PDLK ‚òú‚òÖ,3397.476923076923,44.63076923076923,4.123076923076923
‚òÜLiL PEEP‚òÜ,15427359.375,181064.2857142857,9271.767857142857
‚ò†Ô∏èS ú·¥Ä Ä·¥ÄX O“ì“ì…™·¥Ñ…™·¥Ä ü‚ò†Ô∏è,409302.41891891893,6722.824324324324,365.81081081081084
‚ô§‚ô°‚ô¢‚ôßEl Fran Rt‚ô§‚ô°‚ô¢‚ôß,730194.2325581395,5687.325581395349,173.25581395348837
‰ªôÊ∞¥È¢®Ê•Ω,5098.5,27.55,1.75
ÌÉúÌÉú Daily,452744.1875,10147.875,250.5
Ôº≥Ôº®Ôº•eÔº≥Ôº®,1105062.142857143,19130.571428571428,719.5714285714286
üå∏fatboibariüå∏,202562.95652173914,3715.5652173913045,131.7391304347826
üç∫ Hiruko üç∫,41128.4,1067.0,278.2
üëª Hi I'm Ghost üëª,56970.80952380953,2561.5238095238096,576.7619047619048
Û†Ä†,214232.95081967214,3094.4262295081967,112.31147540983606
